1	43814984
1	43814990
1	43814992
1	43814994
1	43815004
1	43815006
1	43815007
1	43815008
1	43815009
1	43815020
1	43815021
1	43815024
1	43815035
1	115256507
1	115256508
1	115256509
1	115256516
1	115256518
1	115256521
1	115256524
1	115256526
1	115256527
1	115256528
1	115256529
1	115256530
1	115256532
1	115256534
1	115256535
1	115256536
1	115256537
1	115256538
1	115256539
1	115256562
1	115256564
1	115256566
1	115256577
1	115256591
1	115256669
1	115258712
1	115258718
1	115258722
1	115258723
1	115258727
1	115258728
1	115258730
1	115258732
1	115258734
1	115258736
1	115258738
1	115258739
1	115258742
1	115258743
1	115258744
1	115258745
1	115258746
1	115258747
1	115258748
1	115258751
1	115258752
1	115258753
1	115258754
1	115258757
1	115258771
2	29432652
2	29432655
2	29432658
2	29432663
2	29432664
2	29432665
2	29432669
2	29432682
2	29432685
2	29432705
2	29432731
2	29432736
2	29432739
2	29432741
2	29432742
2	29432776
2	29443695
2	29443696
2	29443697
2	29443698
2	29443726
2	29443749
2	29443763
2	132181251
2	132181483
2	132181538
2	132181751
2	132181783
2	209113095
2	209113106
2	209113108
2	209113110
2	209113111
2	209113112
2	209113113
2	209113117
2	209113119
2	209113125
2	209113130
2	209113139
2	209113140
2	209113151
2	209113152
2	209113160
2	209113170
2	209113192
2	209113202
2	209113208
2	209113209
2	209113210
2	209113211
2	209113217
2	209113233
2	209113243
2	209113256
2	212288914
2	212288925
2	212288940
2	212288941
2	212288942
2	212288943
2	212288946
2	212288955
2	212288964
2	212288966
2	212288967
2	212288968
2	212288997
2	212288999
2	212289001
2	212289002
2	212289007
2	212289012
2	212530063
2	212530066
2	212530067
2	212530073
2	212530084
2	212530091
2	212530094
2	212530125
2	212530126
2	212530134
2	212530135
2	212530138
2	212530153
2	212530162
2	212530171
2	212530175
2	212530179
2	212530199
2	212576841
2	212576844
2	212576855
2	212576857
2	212576877
2	212576881
2	212576896
2	212576980
2	212578318
2	212578341
2	212578346
2	212578348
2	212578349
2	212578353
2	212578372
2	212578439
2	212587118
2	212587123
2	212587142
2	212587147
2	212587172
2	212587197
2	212587198
2	212587208
2	212587245
2	212587251
2	212589795
2	212589804
2	212589810
2	212589811
2	212589812
2	212589824
2	212589838
2	212589841
2	212589866
2	212589893
2	212589896
2	212589909
2	212589910
2	212589920
2	212589935
2	212652764
2	212652765
2	212652768
2	212652791
2	212652801
2	212652804
2	212652809
2	212652810
2	212652823
2	212652840
2	212652845
2	212652850
2	212812154
2	212812156
2	212812157
2	212812158
2	212812187
2	212812212
2	212812224
2	212812227
2	212812235
2	212812236
2	212812245
2	212812256
2	212812259
2	212812260
2	212812268
2	212812269
2	212812308
2	212812310
3	10183769
3	10183770
3	10183771
3	10183772
3	10183773
3	10183774
3	10183775
3	10183776
3	10183777
3	10183778
3	10183779
3	10183780
3	10183781
3	10183782
3	10183783
3	10183784
3	10183785
3	10183786
3	10183787
3	10183788
3	10183789
3	10183790
3	10183791
3	10183793
3	10183794
3	10183795
3	10183797
3	10183798
3	10183799
3	10183800
3	10183801
3	10183802
3	10183803
3	10183804
3	10183805
3	10183806
3	10183807
3	10183808
3	10183809
3	10183810
3	10183811
3	10183812
3	10183813
3	10183815
3	10183816
3	10183817
3	10183818
3	10183819
3	10183820
3	10183821
3	10183822
3	10183823
3	10183824
3	10183825
3	10183826
3	10183827
3	10183828
3	10183829
3	10183830
3	10183831
3	10183832
3	10183833
3	10183834
3	10183835
3	10183836
3	10183837
3	10183839
3	10183840
3	10183841
3	10183844
3	10183845
3	10183847
3	10183848
3	10183849
3	10183850
3	10183851
3	10183852
3	10183853
3	10183854
3	10183855
3	10183856
3	10183857
3	10183858
3	10183859
3	10183860
3	10183861
3	10183862
3	10183863
3	10183864
3	10183865
3	10183866
3	10183867
3	10183868
3	10183869
3	10183870
3	10183871
3	10183872
3	10183873
3	10183876
3	10183879
3	10183880
3	10183894
3	10188217
3	10188218
3	10188219
3	10188220
3	10188222
3	10188223
3	10188224
3	10188225
3	10188226
3	10188227
3	10188228
3	10188229
3	10188230
3	10188231
3	10188232
3	10188233
3	10188234
3	10188235
3	10188236
3	10188237
3	10188238
3	10188239
3	10188240
3	10188241
3	10188243
3	10188244
3	10188245
3	10188246
3	10188247
3	10188248
3	10188249
3	10188250
3	10188251
3	10188252
3	10188253
3	10188254
3	10188255
3	10188256
3	10188257
3	10188258
3	10188259
3	10188260
3	10188261
3	10188262
3	10188263
3	10188264
3	10188265
3	10188268
3	10188269
3	10188270
3	10188271
3	10188272
3	10188273
3	10188274
3	10188275
3	10188276
3	10188277
3	10188278
3	10188279
3	10188280
3	10188281
3	10188282
3	10188283
3	10188284
3	10188285
3	10188286
3	10188287
3	10188288
3	10188289
3	10188290
3	10188291
3	10188292
3	10188293
3	10188294
3	10188295
3	10188296
3	10188297
3	10188298
3	10188299
3	10188300
3	10188301
3	10188302
3	10188303
3	10188305
3	10188306
3	10188307
3	10188308
3	10188309
3	10188310
3	10188312
3	10188313
3	10188314
3	10188315
3	10188316
3	10188317
3	10188318
3	10188319
3	10188320
3	10188321
3	10188322
3	10188323
3	10188325
3	10188328
3	10188343
3	10188363
3	10191453
3	10191467
3	10191468
3	10191469
3	10191470
3	10191472
3	10191473
3	10191474
3	10191475
3	10191476
3	10191477
3	10191478
3	10191479
3	10191480
3	10191481
3	10191482
3	10191483
3	10191484
3	10191485
3	10191486
3	10191487
3	10191488
3	10191489
3	10191490
3	10191491
3	10191492
3	10191493
3	10191494
3	10191495
3	10191496
3	10191497
3	10191498
3	10191499
3	10191500
3	10191501
3	10191502
3	10191503
3	10191504
3	10191505
3	10191506
3	10191507
3	10191508
3	10191509
3	10191510
3	10191511
3	10191512
3	10191513
3	10191514
3	10191515
3	10191516
3	10191517
3	10191518
3	10191520
3	10191521
3	10191522
3	10191523
3	10191524
3	10191526
3	10191527
3	10191528
3	10191529
3	10191530
3	10191531
3	10191532
3	10191533
3	10191534
3	10191535
3	10191536
3	10191538
3	10191539
3	10191540
3	10191541
3	10191542
3	10191543
3	10191546
3	10191547
3	10191548
3	10191550
3	10191551
3	10191552
3	10191553
3	10191554
3	10191555
3	10191556
3	10191557
3	10191558
3	10191559
3	10191560
3	10191561
3	10191562
3	10191563
3	10191564
3	10191565
3	10191566
3	10191567
3	10191568
3	10191569
3	10191570
3	10191571
3	10191572
3	10191573
3	10191574
3	10191575
3	10191576
3	10191578
3	10191579
3	10191580
3	10191581
3	10191582
3	10191584
3	10191585
3	10191587
3	10191588
3	10191589
3	10191590
3	10191591
3	10191592
3	10191593
3	10191594
3	10191595
3	10191596
3	10191597
3	10191598
3	10191599
3	10191600
3	10191601
3	10191603
3	10191605
3	10191606
3	10191609
3	10191610
3	10191613
3	10191617
3	10191618
3	10191619
3	10191620
3	10191621
3	10191622
3	10191624
3	10191625
3	10191626
3	10191627
3	10191628
3	10191631
3	10191632
3	10191633
3	10191634
3	37067217
3	37067230
3	37067231
3	37067237
3	37067240
3	37067241
3	37067242
3	37067243
3	37067254
3	37067255
3	37067278
3	37067281
3	37067287
3	37067298
3	37067306
3	37067314
3	37067315
3	37067317
3	37067318
3	37067335
3	37067340
3	37067348
3	37067349
3	37067355
3	37067365
3	37067386
3	37067393
3	41266013
3	41266015
3	41266016
3	41266017
3	41266018
3	41266020
3	41266021
3	41266024
3	41266025
3	41266026
3	41266027
3	41266028
3	41266030
3	41266031
3	41266033
3	41266034
3	41266035
3	41266039
3	41266040
3	41266042
3	41266046
3	41266047
3	41266048
3	41266049
3	41266052
3	41266060
3	41266062
3	41266063
3	41266064
3	41266065
3	41266066
3	41266067
3	41266068
3	41266069
3	41266070
3	41266071
3	41266072
3	41266073
3	41266074
3	41266075
3	41266076
3	41266077
3	41266078
3	41266080
3	41266082
3	41266084
3	41266085
3	41266086
3	41266087
3	41266088
3	41266089
3	41266090
3	41266091
3	41266092
3	41266093
3	41266094
3	41266095
3	41266096
3	41266097
3	41266098
3	41266099
3	41266100
3	41266101
3	41266102
3	41266103
3	41266104
3	41266105
3	41266106
3	41266107
3	41266108
3	41266109
3	41266110
3	41266111
3	41266112
3	41266113
3	41266114
3	41266116
3	41266117
3	41266118
3	41266119
3	41266120
3	41266121
3	41266122
3	41266123
3	41266124
3	41266125
3	41266126
3	41266127
3	41266128
3	41266129
3	41266130
3	41266131
3	41266132
3	41266133
3	41266134
3	41266135
3	41266136
3	41266137
3	41266138
3	41266139
3	41266140
3	41266141
3	41266142
3	41266143
3	41266144
3	41266145
3	41266146
3	41266147
3	41266148
3	41266149
3	41266150
3	41266151
3	41266152
3	41266153
3	41266154
3	41266155
3	41266158
3	41266159
3	41266160
3	41266161
3	41266163
3	41266164
3	41266165
3	41266166
3	41266167
3	41266169
3	41266170
3	41266172
3	41266173
3	41266175
3	41266180
3	178916836
3	178916838
3	178916851
3	178916854
3	178916861
3	178916873
3	178916875
3	178916876
3	178916877
3	178916890
3	178916891
3	178916916
3	178916919
3	178916921
3	178916922
3	178916923
3	178916924
3	178916925
3	178916927
3	178916928
3	178916929
3	178916930
3	178916931
3	178916933
3	178916936
3	178916937
3	178916939
3	178916941
3	178916943
3	178916944
3	178916945
3	178916946
3	178916947
3	178916948
3	178916949
3	178916954
3	178916957
3	178917005
3	178921533
3	178921540
3	178921542
3	178921544
3	178921546
3	178921548
3	178921549
3	178921550
3	178921551
3	178921552
3	178921553
3	178921563
3	178921564
3	178921566
3	178921567
3	178921639
3	178921704
3	178927960
3	178927974
3	178927975
3	178927976
3	178927977
3	178927980
3	178927982
3	178928059
3	178928060
3	178928064
3	178928067
3	178928068
3	178928069
3	178928070
3	178928073
3	178928074
3	178928079
3	178928080
3	178928081
3	178928082
3	178936047
3	178936050
3	178936056
3	178936057
3	178936064
3	178936068
3	178936069
3	178936070
3	178936071
3	178936072
3	178936073
3	178936074
3	178936075
3	178936076
3	178936079
3	178936081
3	178936082
3	178936083
3	178936085
3	178936089
3	178936091
3	178936092
3	178936093
3	178936094
3	178936095
3	178936096
3	178936097
3	178936098
3	178936099
3	178936103
3	178936107
3	178936109
3	178936110
3	178936112
3	178936114
3	178936115
3	178936116
3	178936117
3	178936122
3	178936213
3	178938836
3	178938853
3	178938860
3	178938861
3	178938922
3	178938931
3	178938932
3	178938934
3	178938935
3	178938936
3	178951889
3	178951890
3	178951891
3	178951894
3	178951901
3	178951902
3	178951903
3	178951904
3	178951906
3	178951910
3	178951911
3	178951912
3	178951920
3	178951924
3	178951929
3	178951936
3	178951938
3	178951943
3	178951946
3	178951947
3	178951952
3	178951955
3	178951956
3	178951957
3	178951958
3	178951961
3	178951962
3	178951964
3	178951965
3	178951966
3	178951967
3	178951968
3	178951969
3	178951970
3	178951971
3	178951972
3	178951975
3	178951976
3	178951977
3	178951978
3	178951979
3	178951980
3	178951981
3	178951986
3	178951988
3	178951989
3	178951990
3	178951991
3	178951992
3	178951994
3	178951995
3	178951996
3	178951997
3	178951998
3	178951999
3	178952000
3	178952001
3	178952003
3	178952004
3	178952005
3	178952006
3	178952007
3	178952012
3	178952013
3	178952016
3	178952018
3	178952019
3	178952020
3	178952021
3	178952022
3	178952023
3	178952024
3	178952030
3	178952032
3	178952033
3	178952035
3	178952036
3	178952037
3	178952038
3	178952041
3	178952043
3	178952045
3	178952046
3	178952048
3	178952049
3	178952050
3	178952052
3	178952054
3	178952055
3	178952057
3	178952058
3	178952059
3	178952060
3	178952061
3	178952062
3	178952063
3	178952064
3	178952065
3	178952066
3	178952067
3	178952068
3	178952072
3	178952073
3	178952074
3	178952075
3	178952076
3	178952077
3	178952078
3	178952079
3	178952081
3	178952082
3	178952083
3	178952084
3	178952085
3	178952086
3	178952087
3	178952088
3	178952089
3	178952090
3	178952091
3	178952092
3	178952093
3	178952094
3	178952096
3	178952097
3	178952098
3	178952099
3	178952100
3	178952101
3	178952111
3	178952112
3	178952114
3	178952115
3	178952116
3	178952117
3	178952118
3	178952124
3	178952125
3	178952129
3	178952130
3	178952131
3	178952134
3	178952136
3	178952138
3	178952139
3	178952140
3	178952141
3	178952142
3	178952148
3	178952149
3	178952152
3	178952177
3	178952181
4	1803563
4	1803564
4	1803565
4	1803567
4	1803568
4	1803569
4	1803571
4	1803575
4	1803597
4	1803601
4	1803602
4	1803615
4	1803618
4	1803640
4	1803655
4	1803657
4	1803661
4	1803669
4	1803671
4	1803702
4	1803704
4	1806092
4	1806099
4	1806106
4	1806111
4	1806112
4	1806119
4	1806120
4	1806126
4	1806131
4	1806134
4	1806139
4	1806153
4	1806176
4	1806177
4	1806199
4	1806217
4	1806221
4	1806223
4	1806243
4	1807849
4	1807850
4	1807859
4	1807862
4	1807863
4	1807868
4	1807869
4	1807876
4	1807877
4	1807878
4	1807882
4	1807889
4	1807890
4	1807891
4	1807894
4	1807898
4	1807899
4	1807922
4	1808298
4	1808308
4	1808309
4	1808331
4	1808375
4	1808386
4	1808390
4	1808923
4	1808929
4	1808948
4	1808949
4	1808955
4	1808985
4	1808987
4	1808988
4	1808989
4	1808994
4	1809025
4	55141011
4	55141012
4	55141013
4	55141018
4	55141020
4	55141021
4	55141027
4	55141030
4	55141031
4	55141034
4	55141035
4	55141036
4	55141037
4	55141039
4	55141040
4	55141043
4	55141047
4	55141048
4	55141049
4	55141050
4	55141051
4	55141053
4	55141054
4	55141055
4	55141062
4	55141065
4	55141069
4	55141085
4	55141092
4	55141095
4	55141097
4	55141109
4	55141119
4	55141120
4	55141131
4	55144138
4	55144139
4	55144146
4	55144148
4	55144164
4	55144167
4	55144170
4	55144172
4	55144546
4	55144547
4	55144549
4	55144560
4	55144567
4	55144575
4	55144614
4	55144636
4	55144647
4	55144668
4	55152012
4	55152023
4	55152032
4	55152033
4	55152038
4	55152040
4	55152053
4	55152054
4	55152062
4	55152076
4	55152081
4	55152085
4	55152088
4	55152090
4	55152091
4	55152092
4	55152093
4	55152094
4	55152095
4	55152097
4	55152101
4	55152104
4	55152106
4	55152107
4	55152108
4	55152111
4	55152112
4	55152113
4	55152114
4	55152120
4	55561755
4	55561756
4	55561758
4	55561763
4	55561764
4	55561765
4	55561827
4	55561828
4	55561829
4	55561832
4	55561862
4	55561880
4	55561886
4	55561896
4	55561897
4	55561898
4	55561913
4	55592159
4	55592160
4	55592161
4	55592162
4	55592163
4	55592166
4	55592167
4	55592169
4	55592171
4	55592173
4	55592180
4	55592181
4	55592182
4	55592183
4	55592185
4	55592186
4	55592189
4	55592192
4	55592194
4	55592198
4	55592200
4	55592202
4	55592203
4	55592206
4	55592210
4	55592211
4	55592298
4	55592325
4	55593429
4	55593430
4	55593431
4	55593436
4	55593452
4	55593464
4	55593465
4	55593466
4	55593479
4	55593481
4	55593487
4	55593488
4	55593572
4	55593576
4	55593577
4	55593578
4	55593581
4	55593582
4	55593583
4	55593584
4	55593585
4	55593586
4	55593587
4	55593588
4	55593589
4	55593590
4	55593591
4	55593593
4	55593594
4	55593595
4	55593596
4	55593597
4	55593598
4	55593599
4	55593600
4	55593601
4	55593602
4	55593603
4	55593604
4	55593605
4	55593606
4	55593607
4	55593608
4	55593609
4	55593610
4	55593611
4	55593612
4	55593613
4	55593614
4	55593615
4	55593616
4	55593617
4	55593618
4	55593619
4	55593620
4	55593621
4	55593623
4	55593624
4	55593625
4	55593626
4	55593627
4	55593628
4	55593630
4	55593631
4	55593632
4	55593633
4	55593635
4	55593636
4	55593637
4	55593638
4	55593639
4	55593640
4	55593641
4	55593642
4	55593644
4	55593645
4	55593646
4	55593647
4	55593648
4	55593649
4	55593650
4	55593652
4	55593653
4	55593654
4	55593655
4	55593656
4	55593659
4	55593660
4	55593661
4	55593662
4	55593663
4	55593664
4	55593665
4	55593666
4	55593668
4	55593670
4	55593671
4	55593672
4	55593673
4	55593674
4	55593676
4	55593677
4	55593679
4	55593680
4	55593681
4	55593682
4	55593684
4	55593685
4	55593686
4	55593688
4	55593689
4	55593690
4	55593694
4	55593695
4	55593698
4	55593703
4	55593705
4	55593706
4	55593707
4	55593708
4	55593711
4	55594195
4	55594197
4	55594199
4	55594201
4	55594204
4	55594206
4	55594207
4	55594212
4	55594214
4	55594221
4	55594223
4	55594225
4	55594231
4	55594236
4	55594237
4	55594239
4	55594244
4	55594255
4	55594258
4	55594262
4	55594285
4	55594287
4	55595501
4	55595517
4	55595518
4	55595519
4	55595547
4	55595554
4	55595565
4	55595585
4	55595586
4	55595593
4	55595594
4	55595595
4	55595598
4	55595599
4	55595600
4	55595601
4	55595604
4	55595608
4	55595612
4	55595619
4	55595621
4	55595651
4	55597494
4	55597498
4	55597499
4	55597500
4	55597513
4	55597518
4	55597520
4	55597547
4	55597552
4	55597555
4	55597558
4	55597561
4	55597568
4	55599305
4	55599307
4	55599312
4	55599313
4	55599316
4	55599319
4	55599320
4	55599321
4	55599322
4	55599323
4	55599324
4	55599325
4	55599326
4	55599327
4	55599328
4	55599329
4	55599332
4	55599333
4	55599334
4	55599336
4	55599338
4	55599339
4	55599340
4	55599341
4	55599342
4	55599347
4	55599348
4	55599352
4	55599376
4	55599401
4	55599429
4	55599436
4	55602667
4	55602671
4	55602676
4	55602678
4	55602694
4	55602695
4	55602710
4	55602715
4	55602718
4	55602719
4	55602721
4	55602724
4	55602733
4	55602737
4	55602739
4	55602747
4	55602755
4	55602756
4	55602761
4	55602762
4	55602764
4	55602765
4	55602770
4	55602777
4	55946081
4	55946113
4	55946114
4	55946147
4	55946163
4	55946171
4	55946181
4	55946182
4	55946186
4	55946206
4	55946237
4	55946255
4	55946257
4	55946268
4	55946269
4	55953784
4	55953806
4	55953807
4	55953808
4	55953823
4	55953837
4	55953884
4	55953916
4	55953923
4	55955089
4	55955090
4	55955096
4	55955106
4	55955111
4	55955112
4	55955115
4	55955127
4	55955205
4	55955232
4	55960971
4	55960987
4	55960989
4	55960990
4	55961000
4	55961023
4	55961055
4	55961059
4	55961077
4	55961086
4	55961097
4	55961098
4	55961103
4	55961105
4	55961109
4	55961110
4	55962478
4	55962494
4	55962505
4	55962507
4	55962545
4	55962559
4	55962613
4	55972944
4	55972946
4	55972962
4	55972964
4	55972974
4	55972996
4	55979605
4	55979623
4	55979624
4	55979637
4	55979642
4	55979649
4	55980326
4	55980337
4	55980348
4	55980383
4	55980389
4	55980393
4	55980407
4	55980456
4	55980471
4	153245430
4	153245437
4	153245445
4	153245446
4	153245447
4	153245449
4	153245450
4	153245453
4	153245461
4	153245485
4	153245501
4	153245503
4	153245506
4	153245512
4	153245524
4	153247252
4	153247262
4	153247276
4	153247288
4	153247289
4	153247291
4	153247292
4	153247303
4	153247304
4	153247318
4	153247326
4	153247345
4	153247350
4	153247351
4	153247358
4	153247363
4	153247364
4	153247365
4	153247366
4	153247367
4	153247373
4	153247374
4	153247375
4	153249360
4	153249366
4	153249367
4	153249369
4	153249379
4	153249383
4	153249384
4	153249385
4	153249387
4	153249393
4	153249399
4	153249400
4	153249410
4	153249440
4	153249441
4	153249442
4	153249448
4	153249451
4	153249456
4	153249457
4	153249460
4	153249465
4	153249466
4	153249469
4	153249476
4	153249501
4	153249509
4	153249510
4	153249511
4	153249518
4	153249519
4	153249520
4	153250854
4	153250855
4	153250870
4	153250882
4	153250883
4	153250888
4	153250902
4	153250904
4	153250906
4	153250916
4	153250924
4	153250925
4	153258955
4	153258969
4	153258970
4	153258971
4	153258975
4	153258980
4	153258981
4	153258983
4	153258990
4	153259011
4	153259023
4	153259024
4	153259045
4	153259071
4	153259076
5	112173893
5	112173896
5	112173899
5	112173911
5	112173912
5	112173917
5	112173918
5	112173919
5	112173930
5	112173947
5	112173949
5	112173956
5	112173958
5	112173959
5	112173960
5	112173968
5	112173975
5	112173976
5	112173986
5	112173992
5	112173995
5	112173996
5	112173997
5	112173999
5	112174007
5	112174008
5	112174009
5	112174011
5	112174013
5	112174022
5	112174023
5	112174024
5	112174026
5	112174027
5	112174034
5	112174040
5	112174043
5	112174046
5	112174048
5	112174058
5	112174061
5	112174062
5	112174604
5	112174607
5	112174609
5	112174611
5	112174626
5	112174631
5	112174633
5	112174639
5	112174643
5	112174650
5	112174655
5	112174658
5	112174662
5	112174677
5	112174682
5	112174684
5	112174700
5	112174715
5	112174720
5	112174721
5	112174724
5	112174725
5	112174726
5	112174742
5	112174743
5	112174744
5	112174745
5	112174752
5	112174757
5	112174762
5	112174767
5	112174770
5	112174774
5	112175036
5	112175040
5	112175041
5	112175046
5	112175049
5	112175051
5	112175052
5	112175053
5	112175057
5	112175060
5	112175062
5	112175065
5	112175067
5	112175068
5	112175069
5	112175082
5	112175084
5	112175086
5	112175088
5	112175095
5	112175096
5	112175100
5	112175101
5	112175102
5	112175105
5	112175106
5	112175107
5	112175112
5	112175117
5	112175118
5	112175119
5	112175121
5	112175122
5	112175123
5	112175124
5	112175125
5	112175130
5	112175132
5	112175133
5	112175134
5	112175135
5	112175136
5	112175139
5	112175140
5	112175141
5	112175143
5	112175147
5	112175148
5	112175149
5	112175150
5	112175151
5	112175152
5	112175153
5	112175154
5	112175155
5	112175161
5	112175162
5	112175163
5	112175166
5	112175167
5	112175170
5	112175171
5	112175172
5	112175174
5	112175175
5	112175176
5	112175177
5	112175178
5	112175179
5	112175181
5	112175182
5	112175183
5	112175184
5	112175187
5	112175188
5	112175189
5	112175190
5	112175191
5	112175192
5	112175193
5	112175194
5	112175195
5	112175196
5	112175198
5	112175199
5	112175200
5	112175201
5	112175202
5	112175204
5	112175205
5	112175206
5	112175207
5	112175209
5	112175210
5	112175211
5	112175212
5	112175213
5	112175214
5	112175215
5	112175216
5	112175217
5	112175218
5	112175219
5	112175220
5	112175221
5	112175222
5	112175223
5	112175225
5	112175226
5	112175227
5	112175228
5	112175230
5	112175231
5	112175232
5	112175234
5	112175235
5	112175236
5	112175239
5	112175240
5	112175241
5	112175242
5	112175243
5	112175245
5	112175246
5	112175247
5	112175248
5	112175250
5	112175252
5	112175253
5	112175254
5	112175255
5	112175256
5	112175257
5	112175258
5	112175259
5	112175260
5	112175262
5	112175267
5	112175268
5	112175269
5	112175270
5	112175271
5	112175272
5	112175273
5	112175274
5	112175276
5	112175278
5	112175280
5	112175281
5	112175282
5	112175284
5	112175291
5	112175294
5	112175297
5	112175298
5	112175299
5	112175300
5	112175301
5	112175303
5	112175305
5	112175306
5	112175307
5	112175308
5	112175314
5	112175315
5	112175316
5	112175319
5	112175321
5	112175322
5	112175324
5	112175325
5	112175326
5	112175327
5	112175328
5	112175330
5	112175334
5	112175335
5	112175338
5	112175339
5	112175340
5	112175341
5	112175345
5	112175347
5	112175348
5	112175349
5	112175350
5	112175351
5	112175352
5	112175353
5	112175354
5	112175355
5	112175356
5	112175357
5	112175358
5	112175359
5	112175360
5	112175361
5	112175362
5	112175364
5	112175365
5	112175370
5	112175371
5	112175373
5	112175374
5	112175376
5	112175377
5	112175378
5	112175380
5	112175381
5	112175383
5	112175385
5	112175386
5	112175388
5	112175390
5	112175391
5	112175392
5	112175395
5	112175396
5	112175397
5	112175398
5	112175399
5	112175400
5	112175402
5	112175405
5	112175407
5	112175408
5	112175409
5	112175410
5	112175411
5	112175412
5	112175413
5	112175414
5	112175416
5	112175417
5	112175418
5	112175419
5	112175420
5	112175422
5	112175423
5	112175424
5	112175426
5	112175428
5	112175429
5	112175432
5	112175433
5	112175434
5	112175435
5	112175437
5	112175438
5	112175440
5	112175441
5	112175446
5	112175447
5	112175448
5	112175449
5	112175450
5	112175452
5	112175454
5	112175455
5	112175456
5	112175457
5	112175458
5	112175459
5	112175465
5	112175466
5	112175468
5	112175469
5	112175470
5	112175471
5	112175472
5	112175473
5	112175474
5	112175475
5	112175476
5	112175477
5	112175478
5	112175479
5	112175480
5	112175481
5	112175482
5	112175483
5	112175484
5	112175486
5	112175487
5	112175488
5	112175489
5	112175490
5	112175491
5	112175492
5	112175493
5	112175494
5	112175495
5	112175497
5	112175499
5	112175502
5	112175503
5	112175505
5	112175507
5	112175508
5	112175509
5	112175511
5	112175512
5	112175513
5	112175515
5	112175520
5	112175521
5	112175522
5	112175523
5	112175524
5	112175525
5	112175528
5	112175529
5	112175530
5	112175531
5	112175532
5	112175533
5	112175534
5	112175535
5	112175537
5	112175538
5	112175539
5	112175540
5	112175541
5	112175544
5	112175546
5	112175547
5	112175549
5	112175550
5	112175551
5	112175552
5	112175553
5	112175554
5	112175555
5	112175557
5	112175558
5	112175559
5	112175560
5	112175561
5	112175562
5	112175565
5	112175566
5	112175567
5	112175568
5	112175569
5	112175571
5	112175572
5	112175575
5	112175576
5	112175577
5	112175580
5	112175581
5	112175582
5	112175583
5	112175584
5	112175585
5	112175587
5	112175591
5	112175592
5	112175593
5	112175594
5	112175595
5	112175596
5	112175598
5	112175600
5	112175602
5	112175603
5	112175604
5	112175605
5	112175606
5	112175607
5	112175608
5	112175609
5	112175610
5	112175612
5	112175613
5	112175615
5	112175616
5	112175617
5	112175618
5	112175619
5	112175620
5	112175621
5	112175622
5	112175623
5	112175624
5	112175625
5	112175627
5	112175628
5	112175630
5	112175631
5	112175633
5	112175634
5	112175635
5	112175636
5	112175638
5	112175639
5	112175641
5	112175642
5	112175643
5	112175644
5	112175645
5	112175646
5	112175647
5	112175648
5	112175649
5	112175650
5	112175651
5	112175652
5	112175653
5	112175654
5	112175655
5	112175662
5	112175663
5	112175664
5	112175665
5	112175672
5	112175673
5	112175674
5	112175675
5	112175676
5	112175678
5	112175680
5	112175681
5	112175682
5	112175683
5	112175684
5	112175685
5	112175686
5	112175687
5	112175688
5	112175689
5	112175696
5	112175698
5	112175699
5	112175702
5	112175705
5	112175708
5	112175709
5	112175711
5	112175712
5	112175715
5	112175720
5	112175721
5	112175722
5	112175723
5	112175726
5	112175729
5	112175730
5	112175731
5	112175733
5	112175735
5	112175736
5	112175738
5	112175741
5	112175742
5	112175743
5	112175744
5	112175745
5	112175746
5	112175747
5	112175749
5	112175750
5	112175751
5	112175752
5	112175753
5	112175754
5	112175755
5	112175756
5	112175757
5	112175758
5	112175759
5	112175760
5	112175762
5	112175763
5	112175764
5	112175765
5	112175766
5	112175767
5	112175768
5	112175769
5	112175770
5	112175771
5	112175772
5	112175773
5	112175774
5	112175775
5	112175778
5	112175779
5	112175781
5	112175782
5	112175783
5	112175784
5	112175785
5	112175786
5	112175787
5	112175788
5	112175791
5	112175796
5	112175803
5	112175804
5	112175809
5	112175810
5	112175814
5	112175815
5	112175817
5	112175827
5	112175828
5	112175829
5	112175830
5	112175838
5	112175842
5	112175843
5	112175846
5	112175852
5	112175856
5	112175858
5	112175859
5	112175865
5	112175867
5	112175876
5	112175879
5	112175880
5	112175882
5	112175883
5	112175890
5	112175891
5	112175892
5	112175897
5	112175900
5	112175901
5	112175904
5	112175906
5	112175907
5	112175908
5	112175910
5	112175912
5	112175913
5	112175921
5	112175923
5	112175924
5	112175925
5	112175927
5	112175930
5	112175931
5	112175933
5	112175936
5	112175938
5	112175942
5	112175943
5	112175944
5	112175945
5	112175946
5	112175947
5	112175949
5	112175950
5	112175951
5	112175952
5	112175953
5	112175955
5	112175956
5	112175957
5	112175958
5	112175959
5	112175962
5	112175969
5	112175972
5	112175978
5	112175981
5	112175982
5	112175987
5	112175997
5	112175999
5	112176002
5	112176004
5	112176007
5	112176008
5	112176015
5	112176016
5	112176017
5	112176020
5	112176021
5	112176022
5	112176023
5	112176026
5	112176028
5	112176029
5	112176032
5	112176038
5	149433644
5	149433645
5	149433646
5	149433673
5	149433689
5	149433696
5	149433698
5	149433700
5	149433710
5	149453042
5	149453043
5	149453044
5	149453045
5	149453083
5	170837526
5	170837542
5	170837543
5	170837544
5	170837545
5	170837546
5	170837547
5	170837548
5	170837550
5	170837551
5	170837552
5	170837553
5	170837555
5	170837561
5	170837563
5	170837579
5	170837598
7	55211072
7	55211079
7	55211080
7	55211081
7	55211097
7	55211131
7	55211163
7	55211165
7	55211175
7	55221800
7	55221821
7	55221822
7	55221830
7	55233024
7	55233037
7	55233038
7	55233039
7	55233041
7	55233042
7	55233043
7	55233054
7	55233056
7	55233060
7	55233080
7	55233089
7	55233109
7	55233110
7	55233121
7	55233164
7	55233185
7	55241649
7	55241650
7	55241651
7	55241653
7	55241656
7	55241658
7	55241659
7	55241660
7	55241662
7	55241664
7	55241665
7	55241669
7	55241672
7	55241673
7	55241674
7	55241675
7	55241676
7	55241677
7	55241678
7	55241680
7	55241683
7	55241684
7	55241686
7	55241687
7	55241688
7	55241694
7	55241696
7	55241699
7	55241702
7	55241704
7	55241705
7	55241706
7	55241707
7	55241708
7	55241710
7	55241711
7	55241712
7	55241713
7	55241714
7	55241716
7	55241717
7	55241718
7	55241719
7	55241720
7	55241721
7	55241722
7	55241725
7	55241726
7	55241727
7	55241732
7	55241734
7	55241755
7	55242416
7	55242418
7	55242422
7	55242423
7	55242425
7	55242427
7	55242428
7	55242429
7	55242430
7	55242431
7	55242432
7	55242433
7	55242443
7	55242444
7	55242446
7	55242449
7	55242452
7	55242454
7	55242455
7	55242457
7	55242458
7	55242459
7	55242460
7	55242461
7	55242462
7	55242463
7	55242464
7	55242465
7	55242466
7	55242467
7	55242468
7	55242469
7	55242470
7	55242472
7	55242473
7	55242474
7	55242475
7	55242476
7	55242477
7	55242478
7	55242479
7	55242480
7	55242481
7	55242482
7	55242483
7	55242484
7	55242485
7	55242486
7	55242487
7	55242488
7	55242489
7	55242490
7	55242491
7	55242492
7	55242495
7	55242496
7	55242497
7	55242500
7	55242503
7	55242504
7	55242506
7	55242510
7	55242511
7	55242512
7	55242514
7	55242537
7	55248926
7	55248927
7	55248930
7	55248980
7	55248991
7	55248992
7	55248994
7	55248995
7	55248996
7	55248998
7	55248999
7	55249000
7	55249002
7	55249003
7	55249004
7	55249005
7	55249007
7	55249009
7	55249010
7	55249011
7	55249012
7	55249013
7	55249014
7	55249015
7	55249016
7	55249017
7	55249018
7	55249020
7	55249021
7	55249022
7	55249023
7	55249024
7	55249026
7	55249028
7	55249029
7	55249031
7	55249032
7	55249036
7	55249037
7	55249038
7	55249041
7	55249042
7	55249050
7	55249051
7	55249052
7	55249053
7	55249055
7	55249056
7	55249057
7	55249058
7	55249062
7	55249063
7	55249070
7	55249071
7	55249074
7	55249077
7	55249083
7	55249086
7	55249087
7	55249088
7	55249089
7	55249092
7	55249094
7	55249095
7	55249096
7	55249100
7	55249101
7	55249103
7	55249104
7	55249106
7	55249107
7	55249111
7	55249112
7	55249113
7	55249114
7	55249116
7	55249118
7	55249119
7	55249121
7	55249123
7	55249130
7	55249131
7	55249134
7	55249140
7	55249141
7	55249142
7	55249143
7	55249144
7	55249147
7	55249149
7	55249154
7	55249155
7	55249159
7	55249164
7	55249166
7	55259488
7	55259490
7	55259491
7	55259493
7	55259494
7	55259497
7	55259498
7	55259500
7	55259501
7	55259502
7	55259503
7	55259505
7	55259506
7	55259509
7	55259510
7	55259511
7	55259512
7	55259513
7	55259514
7	55259515
7	55259516
7	55259517
7	55259518
7	55259521
7	55259522
7	55259523
7	55259524
7	55259527
7	55259529
7	55259530
7	55259531
7	55259532
7	55259533
7	55259534
7	55259535
7	55259538
7	55259539
7	55259540
7	55259544
7	55259545
7	55259546
7	55259548
7	55259550
7	55259551
7	55259553
7	55259554
7	55259556
7	55259557
7	55259560
7	55259561
7	55259562
7	55259566
7	55259573
7	55259660
7	65970295
7	65970330
7	65970528
7	65970570
7	116339625
7	116339637
7	116339641
7	116339642
7	116339672
7	116339685
7	116339709
7	116339711
7	116339714
7	116339745
7	116339746
7	116339776
7	116339777
7	116339792
7	116340262
7	116340265
7	116340266
7	116340269
7	116340287
7	116340308
7	116340318
7	116411974
7	116411990
7	116411995
7	116412014
7	116412022
7	116412023
7	116412024
7	116412044
7	116412045
7	116417460
7	116417463
7	116417464
7	116417465
7	116417470
7	116417479
7	116417481
7	116417482
7	116417483
7	116417489
7	116417499
7	116417500
7	116417504
7	116417505
7	116417519
7	116423407
7	116423408
7	116423409
7	116423413
7	116423414
7	116423415
7	116423428
7	116423449
7	116423455
7	116423456
7	116423473
7	116423474
7	116423475
7	116423476
7	128845088
7	128845101
7	128845102
7	128845127
7	128845131
7	128845134
7	128845145
7	128845209
7	128845210
7	128845223
7	128845240
7	128845241
7	128846040
7	128846053
7	128846115
7	128846154
7	128846155
7	128846355
7	128846367
7	128846374
7	128846398
7	128846405
7	128846427
7	128846469
7	128850334
7	128850335
7	128850341
7	128850360
7	128850377
7	128850393
7	128851576
7	128851580
7	128851593
7	128851597
7	128851599
7	140453093
7	140453095
7	140453101
7	140453102
7	140453103
7	140453105
7	140453106
7	140453107
7	140453108
7	140453109
7	140453111
7	140453112
7	140453116
7	140453117
7	140453118
7	140453119
7	140453120
7	140453121
7	140453122
7	140453123
7	140453124
7	140453125
7	140453126
7	140453127
7	140453128
7	140453129
7	140453131
7	140453132
7	140453133
7	140453134
7	140453135
7	140453136
7	140453137
7	140453138
7	140453139
7	140453140
7	140453141
7	140453142
7	140453143
7	140453144
7	140453145
7	140453146
7	140453147
7	140453148
7	140453149
7	140453150
7	140453151
7	140453152
7	140453153
7	140453154
7	140453155
7	140453157
7	140453158
7	140453159
7	140453160
7	140453161
7	140453163
7	140453164
7	140453165
7	140453166
7	140453167
7	140453168
7	140453169
7	140453170
7	140453171
7	140453172
7	140453174
7	140453175
7	140453176
7	140453177
7	140453179
7	140453180
7	140453183
7	140453184
7	140453185
7	140453186
7	140453187
7	140453189
7	140453192
7	140453193
7	140453194
7	140481383
7	140481384
7	140481393
7	140481396
7	140481397
7	140481399
7	140481400
7	140481401
7	140481402
7	140481403
7	140481404
7	140481405
7	140481406
7	140481408
7	140481409
7	140481410
7	140481411
7	140481412
7	140481413
7	140481414
7	140481417
7	140481418
7	140481419
7	140481420
7	140481421
7	140481422
7	140481423
7	140481424
7	140481425
7	140481428
7	140481430
7	140481431
7	140481432
7	140481433
7	140481438
7	140481440
7	140481441
7	140481442
7	140481444
7	140481445
7	140481449
7	140481451
7	140481459
7	140481461
7	140481467
7	140481476
7	140481477
7	140481478
7	140481484
7	140481488
7	140481490
7	140481492
7	140481493
7	140481495
7	140481511
8	38282201
8	38282207
8	38282208
8	38282209
8	38282214
8	38282249
8	38282294
8	38285915
8	38285937
8	38285938
8	38285939
8	38286007
9	5073739
9	5073742
9	5073743
9	5073747
9	5073752
9	5073753
9	5073768
9	5073769
9	5073770
9	5073772
9	5073773
9	5073774
9	5073780
9	5073781
9	5073799
9	21971123
9	21971124
9	21971125
9	21971126
9	21971128
9	21971129
9	21971131
9	21971132
9	21971133
9	21971134
9	21971135
9	21971136
9	21971137
9	21971138
9	21971139
9	21971140
9	21971141
9	21971142
9	21971143
9	21971144
9	21971145
9	21971146
9	21971147
9	21971149
9	21971150
9	21971151
9	21971152
9	21971153
9	21971154
9	21971155
9	21971156
9	21971157
9	21971158
9	21971159
9	21971161
9	21971162
9	21971164
9	21971166
9	21971167
9	21971168
9	21971170
9	21971171
9	21971172
9	21971174
9	21971176
9	21971177
9	21971178
9	21971179
9	21971182
9	21971183
9	21971184
9	21971185
9	21971186
9	21971187
9	21971188
9	21971189
9	21971190
9	21971191
9	21971193
9	21971194
9	21971195
9	21971196
9	21971197
9	21971199
9	21971200
9	21971201
9	21971202
9	21971203
9	21971204
9	21971206
9	21971207
9	21971208
9	21971209
9	21971211
9	21971218
9	21971221
9	21971249
9	33675629
9	33675675
9	33675970
9	33675999
9	33676027
9	33676094
9	33676173
9	33676454
9	80336130
9	80336244
9	80336317
9	80336345
9	80336362
9	80336376
9	80336387
9	80336400
9	80336414
9	80336467
9	80336475
9	80336485
9	80343451
9	80343510
9	80343574
9	80343579
9	80409345
9	80409421
9	80409441
9	80409482
9	80409486
9	80409487
9	80409488
9	80409489
9	80409502
9	80409618
9	80412465
9	80412488
9	80412493
9	80412494
9	80412496
9	80412497
9	80412499
9	80412517
9	80412518
9	80412542
9	80412549
9	133738306
9	133738307
9	133738320
9	133738326
9	133738330
9	133738331
9	133738336
9	133738342
9	133738347
9	133738349
9	133738351
9	133738356
9	133738357
9	133738358
9	133738359
9	133738363
9	133738364
9	133738370
9	133738400
9	133738438
9	133747520
9	133747528
9	133747529
9	133747571
9	133747572
9	133747575
9	133747588
9	133747590
9	133747662
9	133748202
9	133748216
9	133748251
9	133748270
9	133748281
9	133748283
9	133748288
9	133748289
9	133748290
9	133748327
9	133748328
9	133748333
9	133748350
9	133748376
9	133748385
9	133748390
9	133748391
9	133748403
9	133748407
9	133748414
9	133750328
9	133750331
9	133750337
9	133750356
9	133750357
9	133750367
9	133750381
9	133750392
9	133750418
9	133750419
9	133750420
9	139397747
9	139397762
9	139397767
9	139397768
9	139397770
9	139397773
9	139397774
9	139397775
9	139397776
9	139397778
9	139397795
9	139399316
9	139399317
9	139399318
9	139399320
9	139399321
9	139399322
9	139399323
9	139399324
9	139399325
9	139399328
9	139399332
9	139399341
9	139399344
9	139399347
9	139399348
9	139399349
9	139399350
9	139399352
9	139399353
9	139399354
9	139399355
9	139399356
9	139399357
9	139399361
9	139399362
9	139399364
9	139399365
9	139399366
9	139399367
9	139399368
9	139399369
9	139399374
9	139399386
9	139399387
9	139399388
9	139399389
9	139399391
9	139399392
9	139399394
9	139399395
9	139399396
9	139399397
9	139399402
9	139399408
9	139399410
9	139399411
9	139399413
9	139399414
9	139399415
9	139399416
9	139399419
9	139399420
9	139399422
9	139399425
9	139399462
9	139399468
9	139399470
9	139399480
9	139399481
10	43609051
10	43609061
10	43609069
10	43609070
10	43609071
10	43609075
10	43609076
10	43609077
10	43609083
10	43609087
10	43609096
10	43609097
10	43609098
10	43609101
10	43609102
10	43609103
10	43609104
10	43609111
10	43609127
10	43609926
10	43609928
10	43609932
10	43609933
10	43609936
10	43609937
10	43609938
10	43609939
10	43609940
10	43609941
10	43609942
10	43609943
10	43609944
10	43609945
10	43609947
10	43609948
10	43609949
10	43609950
10	43609951
10	43609953
10	43609955
10	43609956
10	43609967
10	43609968
10	43609969
10	43609989
10	43609990
10	43609994
10	43609995
10	43610004
10	43610015
10	43610018
10	43610039
10	43610043
10	43610044
10	43610045
10	43610046
10	43610062
10	43613822
10	43613824
10	43613825
10	43613829
10	43613832
10	43613838
10	43613839
10	43613840
10	43613843
10	43613844
10	43613845
10	43613866
10	43613868
10	43613870
10	43613878
10	43613901
10	43613905
10	43613906
10	43613907
10	43613908
10	43613910
10	43613912
10	43615538
10	43615548
10	43615553
10	43615557
10	43615562
10	43615566
10	43615567
10	43615568
10	43615571
10	43615572
10	43615577
10	43615592
10	43615593
10	43615594
10	43615595
10	43615600
10	43615601
10	43615611
10	43615612
10	43615614
10	43615622
10	43615624
10	43615632
10	43615633
10	43615640
10	43615641
10	43615644
10	43617394
10	43617395
10	43617396
10	43617398
10	43617415
10	43617416
10	43617419
10	43617420
10	43617424
10	43617428
10	43617430
10	43617432
10	43617436
10	43617437
10	43617458
10	43617511
10	43617518
10	43617536
10	89624215
10	89624218
10	89624223
10	89624226
10	89624227
10	89624228
10	89624232
10	89624233
10	89624234
10	89624235
10	89624236
10	89624239
10	89624241
10	89624242
10	89624243
10	89624244
10	89624245
10	89624246
10	89624247
10	89624248
10	89624253
10	89624254
10	89624255
10	89624256
10	89624258
10	89624260
10	89624263
10	89624264
10	89624265
10	89624266
10	89624267
10	89624268
10	89624269
10	89624270
10	89624271
10	89624272
10	89624273
10	89624274
10	89624275
10	89624276
10	89624277
10	89624279
10	89624281
10	89624282
10	89624284
10	89624285
10	89624287
10	89624288
10	89624289
10	89624293
10	89624294
10	89624295
10	89624296
10	89624297
10	89624298
10	89624299
10	89624300
10	89624301
10	89624302
10	89624303
10	89624305
10	89624316
10	89624318
10	89624330
10	89624340
10	89685275
10	89685277
10	89685280
10	89685281
10	89685283
10	89685285
10	89685286
10	89685287
10	89685288
10	89685290
10	89685291
10	89685292
10	89685293
10	89685294
10	89685298
10	89685299
10	89685300
10	89685301
10	89685302
10	89685303
10	89685305
10	89685306
10	89685307
10	89685308
10	89685309
10	89685310
10	89685311
10	89685312
10	89685313
10	89685314
10	89685315
10	89685316
10	89685317
10	89685318
10	89685319
10	89685320
10	89685344
10	89685367
10	89685398
10	89711873
10	89711874
10	89711875
10	89711876
10	89711877
10	89711878
10	89711879
10	89711881
10	89711882
10	89711884
10	89711885
10	89711886
10	89711888
10	89711889
10	89711890
10	89711891
10	89711892
10	89711893
10	89711894
10	89711895
10	89711896
10	89711898
10	89711899
10	89711900
10	89711901
10	89711902
10	89711904
10	89711905
10	89711906
10	89711907
10	89711910
10	89711911
10	89711912
10	89711913
10	89711915
10	89711916
10	89711918
10	89711920
10	89711921
10	89711922
10	89711925
10	89711926
10	89711927
10	89711928
10	89711930
10	89711931
10	89711933
10	89711935
10	89711938
10	89711940
10	89711941
10	89711942
10	89711943
10	89711945
10	89711946
10	89711947
10	89711948
10	89711949
10	89711953
10	89711954
10	89711956
10	89711958
10	89711960
10	89711964
10	89711966
10	89711968
10	89711971
10	89711972
10	89711973
10	89711974
10	89711975
10	89711976
10	89711978
10	89711979
10	89711982
10	89711983
10	89711985
10	89711987
10	89711988
10	89711992
10	89711993
10	89711994
10	89711997
10	89712000
10	89712006
10	89712008
10	89712009
10	89712010
10	89712013
10	89712014
10	89712015
10	89712017
10	89712018
10	89712019
10	89712020
10	89712021
10	89712027
10	89717519
10	89717582
10	89717593
10	89717598
10	89717601
10	89717606
10	89717607
10	89717608
10	89717609
10	89717612
10	89717613
10	89717614
10	89717615
10	89717616
10	89717619
10	89717620
10	89717621
10	89717622
10	89717624
10	89717625
10	89717627
10	89717628
10	89717629
10	89717630
10	89717632
10	89717636
10	89717639
10	89717640
10	89717641
10	89717645
10	89717647
10	89717649
10	89717650
10	89717652
10	89717653
10	89717654
10	89717655
10	89717656
10	89717660
10	89717661
10	89717662
10	89717663
10	89717664
10	89717665
10	89717667
10	89717668
10	89717669
10	89717670
10	89717671
10	89717672
10	89717673
10	89717674
10	89717675
10	89717676
10	89717677
10	89717678
10	89717680
10	89717682
10	89717683
10	89717684
10	89717685
10	89717686
10	89717687
10	89717688
10	89717689
10	89717691
10	89717692
10	89717695
10	89717696
10	89717697
10	89717698
10	89717699
10	89717700
10	89717701
10	89717702
10	89717704
10	89717705
10	89717706
10	89717707
10	89717708
10	89717709
10	89717711
10	89717712
10	89717713
10	89717714
10	89717715
10	89717716
10	89717717
10	89717718
10	89717721
10	89717724
10	89717725
10	89717726
10	89717727
10	89717728
10	89717729
10	89717730
10	89717731
10	89717732
10	89717733
10	89717734
10	89717735
10	89717736
10	89717737
10	89717739
10	89717741
10	89717742
10	89717745
10	89717746
10	89717747
10	89717748
10	89717752
10	89717753
10	89717754
10	89717756
10	89717757
10	89717762
10	89717763
10	89717766
10	89717769
10	89717770
10	89717771
10	89717773
10	89717774
10	89717775
10	89717776
10	89717777
10	89717778
10	89717799
10	89717801
10	89720689
10	89720691
10	89720693
10	89720699
10	89720700
10	89720706
10	89720707
10	89720708
10	89720709
10	89720710
10	89720711
10	89720712
10	89720715
10	89720718
10	89720720
10	89720721
10	89720722
10	89720723
10	89720726
10	89720727
10	89720728
10	89720729
10	89720730
10	89720731
10	89720732
10	89720733
10	89720735
10	89720736
10	89720738
10	89720740
10	89720741
10	89720742
10	89720744
10	89720745
10	89720746
10	89720748
10	89720749
10	89720750
10	89720752
10	89720755
10	89720759
10	89720761
10	89720767
10	89720769
10	89720770
10	89720771
10	89720772
10	89720773
10	89720776
10	89720780
10	89720781
10	89720783
10	89720785
10	89720786
10	89720789
10	89720790
10	89720793
10	89720794
10	89720797
10	89720798
10	89720799
10	89720800
10	89720801
10	89720802
10	89720803
10	89720804
10	89720806
10	89720807
10	89720808
10	89720809
10	89720810
10	89720811
10	89720812
10	89720815
10	89720816
10	89720817
10	89720818
10	89720819
10	89720822
10	89720823
10	89720824
10	89720825
10	89720826
10	89720827
10	89720830
10	89720832
10	89720835
10	89720837
10	89720839
10	89720840
10	89720841
10	89720842
10	89720849
10	89720850
10	89720852
10	89720853
10	89720854
10	89720855
10	89720856
10	89720857
10	89720859
10	89720860
10	89720861
10	89720862
10	89720863
10	89720864
10	89720865
10	89720870
10	89720871
10	89720874
10	89720875
10	89720876
10	89720877
10	89720891
10	89720898
10	89720899
10	89720907
10	89720918
10	89720934
10	123258030
10	123258033
10	123258034
10	123258036
10	123258040
10	123258041
10	123258042
10	123258049
10	123258070
10	123258086
10	123258091
10	123258093
10	123258105
10	123258109
10	123274746
10	123274753
10	123274773
10	123274774
10	123274777
10	123274778
10	123274780
10	123274794
10	123274795
10	123274803
10	123274804
10	123274806
10	123274809
10	123274810
10	123274836
10	123274846
10	123279482
10	123279503
10	123279519
10	123279522
10	123279558
10	123279562
10	123279563
10	123279564
10	123279566
10	123279585
10	123279594
10	123279612
10	123279617
10	123279620
10	123279622
10	123279631
10	123279633
10	123279634
10	123279673
10	123279674
10	123279675
10	123279677
10	123279680
10	123279681
10	123279710
10	123279745
11	533860
11	533869
11	533871
11	533872
11	533873
11	533874
11	533875
11	533878
11	533879
11	533881
11	533883
11	534259
11	534264
11	534269
11	534270
11	534271
11	534274
11	534279
11	534280
11	534281
11	534282
11	534284
11	534285
11	534286
11	534288
11	534289
11	534290
11	534292
11	534313
11	534332
11	534340
11	534346
11	534403
11	534413
11	108117834
11	108117837
11	108117839
11	108117840
11	108117844
11	108117846
11	108117855
11	108119810
11	108119823
11	108119824
11	108119829
11	108123551
11	108123552
11	108123575
11	108123578
11	108123582
11	108123615
11	108123623
11	108123632
11	108123641
11	108137952
11	108137973
11	108137974
11	108137985
11	108137989
11	108137990
11	108137993
11	108138003
11	108138005
11	108138007
11	108138041
11	108138045
11	108155108
11	108155116
11	108155132
11	108155134
11	108155171
11	108155172
11	108155173
11	108155174
11	108155200
11	108155202
11	108155205
11	108155240
11	108155248
11	108170450
11	108170460
11	108170468
11	108170476
11	108170477
11	108170479
11	108170481
11	108170482
11	108170512
11	108170556
11	108170565
11	108170568
11	108170587
11	108170605
11	108172399
11	108172413
11	108172414
11	108172421
11	108172422
11	108172424
11	108172425
11	108172446
11	108172483
11	108172486
11	108172506
11	108172507
11	108173613
11	108173640
11	108173661
11	108173681
11	108173724
11	108173736
11	108173745
11	108180917
11	108180931
11	108180939
11	108180940
11	108180945
11	108180947
11	108180955
11	108180957
11	108180981
11	108180982
11	108180983
11	108180997
11	108181005
11	108181006
11	108181007
11	108181042
11	108200941
11	108200943
11	108200946
11	108200947
11	108200957
11	108200958
11	108200959
11	108200960
11	108200961
11	108200963
11	108200967
11	108200975
11	108200976
11	108200982
11	108200990
11	108200991
11	108200998
11	108201008
11	108201009
11	108201023
11	108201071
11	108201089
11	108201091
11	108204652
11	108204677
11	108204681
11	108204717
11	108205739
11	108205756
11	108205763
11	108205768
11	108205769
11	108205780
11	108205781
11	108205807
11	108205808
11	108205823
11	108205829
11	108205835
11	108206578
11	108206580
11	108206581
11	108206584
11	108206585
11	108206593
11	108206594
11	108206614
11	108206648
11	108206668
11	108206669
11	108206685
11	108206686
11	108218083
11	108218084
11	108218089
11	108218090
11	108218091
11	108218092
11	108218196
11	108225588
11	108225590
11	108225593
11	108225661
11	108236064
11	108236071
11	108236072
11	108236074
11	108236080
11	108236081
11	108236082
11	108236083
11	108236086
11	108236087
11	108236088
11	108236096
11	108236104
11	108236107
11	108236114
11	108236118
11	108236128
11	108236153
11	108236160
11	108236172
11	108236203
11	108236204
11	108236215
11	108236216
11	108236217
11	108236220
12	25378557
12	25378559
12	25378560
12	25378561
12	25378562
12	25378645
12	25378647
12	25378649
12	25378670
12	25378693
12	25378706
12	25378716
12	25380246
12	25380247
12	25380252
12	25380254
12	25380256
12	25380259
12	25380260
12	25380262
12	25380263
12	25380268
12	25380269
12	25380271
12	25380272
12	25380273
12	25380274
12	25380275
12	25380276
12	25380277
12	25380278
12	25380279
12	25380280
12	25380281
12	25380282
12	25380283
12	25380284
12	25380285
12	25380289
12	25380313
12	25380323
12	25398228
12	25398236
12	25398238
12	25398239
12	25398240
12	25398248
12	25398249
12	25398250
12	25398251
12	25398252
12	25398253
12	25398254
12	25398255
12	25398259
12	25398260
12	25398261
12	25398262
12	25398266
12	25398267
12	25398269
12	25398270
12	25398271
12	25398274
12	25398275
12	25398276
12	25398278
12	25398279
12	25398280
12	25398281
12	25398282
12	25398283
12	25398284
12	25398285
12	25398286
12	25398287
12	25398288
12	25398289
12	25398290
12	25398291
12	25398292
12	25398294
12	25398295
12	25398296
12	25398300
12	25398304
12	25398305
12	25398306
12	112888139
12	112888140
12	112888145
12	112888149
12	112888150
12	112888156
12	112888158
12	112888161
12	112888162
12	112888163
12	112888164
12	112888165
12	112888166
12	112888168
12	112888172
12	112888173
12	112888189
12	112888190
12	112888191
12	112888193
12	112888194
12	112888195
12	112888197
12	112888198
12	112888199
12	112888200
12	112888201
12	112888202
12	112888203
12	112888204
12	112888209
12	112888210
12	112888211
12	112888212
12	112888213
12	112888216
12	112888219
12	112888220
12	112888228
12	112888229
12	112888239
12	112888273
12	112888279
12	112888299
12	112888300
12	112888301
12	112888312
12	112888313
12	112926872
12	112926873
12	112926882
12	112926884
12	112926885
12	112926886
12	112926887
12	112926888
12	112926889
12	112926890
12	112926896
12	112926897
12	112926899
12	112926900
12	112926901
12	112926907
12	112926908
12	112926909
12	112926910
12	112926915
12	112926931
12	112926942
12	112926959
12	112926975
12	121431394
12	121431403
12	121431404
12	121431409
12	121431413
12	121431414
12	121431416
12	121431417
12	121431425
12	121431427
12	121431428
12	121431429
12	121431445
12	121431449
12	121431458
12	121431466
12	121431478
12	121431481
12	121431482
12	121431483
12	121431484
12	121431490
12	121431491
12	121431506
12	121431507
12	121431517
12	121431523
12	121432043
12	121432051
12	121432056
12	121432063
12	121432064
12	121432067
12	121432068
12	121432070
12	121432080
12	121432081
12	121432086
12	121432087
12	121432110
12	121432114
12	121432116
12	121432117
12	121432119
12	121432124
12	121432125
12	121432183
12	121432194
12	121432207
12	121432208
13	28592607
13	28592617
13	28592620
13	28592622
13	28592623
13	28592624
13	28592629
13	28592634
13	28592635
13	28592636
13	28592637
13	28592638
13	28592639
13	28592640
13	28592641
13	28592642
13	28592643
13	28592644
13	28592645
13	28592647
13	28592653
13	28592654
13	28592689
13	28592700
13	28602329
13	28602333
13	28602339
13	28602340
13	28602358
13	28602359
13	28602365
13	28602366
13	28602379
13	28602380
13	28602381
13	28602382
13	28602404
13	28602409
13	28602427
13	28608214
13	28608218
13	28608219
13	28608220
13	28608221
13	28608222
13	28608224
13	28608225
13	28608226
13	28608227
13	28608228
13	28608229
13	28608230
13	28608231
13	28608232
13	28608234
13	28608236
13	28608238
13	28608239
13	28608240
13	28608241
13	28608242
13	28608243
13	28608244
13	28608246
13	28608248
13	28608249
13	28608250
13	28608251
13	28608252
13	28608254
13	28608255
13	28608256
13	28608257
13	28608258
13	28608259
13	28608260
13	28608261
13	28608262
13	28608263
13	28608264
13	28608265
13	28608267
13	28608268
13	28608270
13	28608273
13	28608275
13	28608276
13	28608277
13	28608279
13	28608280
13	28608281
13	28608282
13	28608283
13	28608285
13	28608286
13	28608289
13	28608290
13	28608293
13	28608294
13	28608298
13	28608300
13	28608311
13	28608314
13	28608315
13	28608316
13	28608320
13	28608321
13	28608326
13	28608329
13	28608332
13	28608338
13	28608339
13	28608341
13	28608352
13	28610127
13	28610128
13	28610129
13	28610138
13	28610139
13	28610163
13	28610183
13	48919158
13	48919214
13	48919225
13	48919235
13	48919244
13	48919245
13	48919246
13	48919247
13	48919248
13	48919275
13	48919276
13	48919278
13	48919285
13	48919299
13	48919307
13	48919308
13	48919318
13	48919319
13	48919320
13	48919321
13	48919333
13	48919336
13	48923135
13	48923137
13	48923148
13	48942661
13	48942662
13	48942685
13	48942686
13	48942688
13	48942718
13	48942814
13	48955504
13	48955517
13	48955532
13	48955533
13	48955538
13	48955539
13	48955550
13	48955551
13	48955552
13	48955568
13	48955571
13	48955572
13	48955573
13	48955580
13	48955581
13	48955592
13	48955659
13	48955676
13	49027127
13	49027133
13	49027155
13	49027156
13	49027167
13	49027168
13	49027169
13	49027171
13	49027183
13	49027201
13	49027203
13	49027219
13	49027222
13	49027248
13	49027249
13	49033822
13	49033823
13	49033825
13	49033829
13	49033833
13	49033838
13	49033839
13	49033840
13	49033842
13	49033844
13	49033845
13	49033853
13	49033857
13	49033881
13	49033886
13	49033889
13	49033890
13	49033893
13	49033898
13	49033913
13	49033916
13	49033917
13	49033924
13	49033926
13	49033928
13	49033929
13	49033939
13	49033940
13	49033946
13	49033954
13	49033955
13	49033957
13	49033964
13	49033967
13	49033969
13	49033970
13	49033971
13	49037865
13	49037866
13	49037867
13	49037870
13	49037872
13	49037877
13	49037878
13	49037892
13	49037894
13	49037903
13	49037904
13	49037912
13	49037913
13	49037918
13	49037920
13	49037929
13	49037931
13	49037933
13	49037942
13	49037943
13	49037944
13	49037946
13	49039132
13	49039133
13	49039136
13	49039145
13	49039149
13	49039156
13	49039161
13	49039164
13	49039165
13	49039174
13	49039183
13	49039185
13	49039189
13	49039195
13	49039206
13	49039210
13	49039215
13	49039228
13	49039232
13	49039236
13	49039240
14	105246435
14	105246445
14	105246455
14	105246457
14	105246469
14	105246470
14	105246482
14	105246496
14	105246497
14	105246525
14	105246527
14	105246551
14	105246554
14	105246594
16	68835616
16	68835620
16	68835629
16	68835630
16	68835649
16	68835657
16	68835672
16	68835677
16	68835683
16	68835693
16	68835703
16	68835711
16	68835727
16	68835733
16	68835741
16	68835746
16	68835754
16	68835765
16	68835768
16	68835771
16	68835776
16	68835780
16	68846117
16	68846120
16	68846122
16	68846123
16	68846134
16	68846135
16	68846136
16	68846137
16	68846138
16	68846165
16	68846166
16	68846252
16	68847273
16	68847275
16	68847276
16	68847277
16	68847278
16	68847282
16	68847283
16	68847285
16	68847292
16	68847293
16	68847301
16	68847302
16	68847304
16	68847317
16	68847329
16	68847330
16	68847346
16	68847350
16	68847360
16	68847361
16	68847375
16	68847386
16	68847398
16	68847399
16	68847403
17	7573977
17	7573981
17	7573982
17	7573983
17	7573984
17	7573985
17	7573987
17	7573988
17	7573990
17	7573991
17	7573993
17	7573994
17	7573995
17	7573996
17	7573999
17	7574000
17	7574001
17	7574002
17	7574003
17	7574004
17	7574005
17	7574006
17	7574007
17	7574009
17	7574010
17	7574011
17	7574012
17	7574013
17	7574015
17	7574017
17	7574018
17	7574020
17	7574021
17	7574022
17	7574023
17	7574026
17	7574027
17	7574029
17	7574032
17	7574033
17	7574034
17	7574035
17	7577001
17	7577004
17	7577009
17	7577013
17	7577016
17	7577017
17	7577018
17	7577019
17	7577020
17	7577021
17	7577022
17	7577023
17	7577024
17	7577025
17	7577026
17	7577027
17	7577028
17	7577029
17	7577030
17	7577031
17	7577032
17	7577033
17	7577034
17	7577035
17	7577036
17	7577037
17	7577038
17	7577039
17	7577040
17	7577041
17	7577042
17	7577043
17	7577044
17	7577045
17	7577046
17	7577047
17	7577048
17	7577049
17	7577050
17	7577051
17	7577052
17	7577053
17	7577054
17	7577055
17	7577056
17	7577057
17	7577058
17	7577059
17	7577060
17	7577061
17	7577062
17	7577063
17	7577064
17	7577065
17	7577066
17	7577067
17	7577068
17	7577069
17	7577070
17	7577071
17	7577072
17	7577073
17	7577074
17	7577075
17	7577076
17	7577077
17	7577078
17	7577079
17	7577080
17	7577081
17	7577082
17	7577083
17	7577084
17	7577085
17	7577086
17	7577087
17	7577088
17	7577089
17	7577090
17	7577091
17	7577092
17	7577093
17	7577094
17	7577095
17	7577096
17	7577097
17	7577098
17	7577099
17	7577100
17	7577101
17	7577102
17	7577103
17	7577104
17	7577105
17	7577106
17	7577107
17	7577108
17	7577109
17	7577110
17	7577111
17	7577112
17	7577113
17	7577114
17	7577115
17	7577116
17	7577117
17	7577118
17	7577119
17	7577120
17	7577121
17	7577122
17	7577123
17	7577124
17	7577125
17	7577126
17	7577127
17	7577128
17	7577129
17	7577130
17	7577131
17	7577132
17	7577133
17	7577134
17	7577135
17	7577136
17	7577137
17	7577138
17	7577139
17	7577140
17	7577141
17	7577142
17	7577143
17	7577144
17	7577145
17	7577146
17	7577147
17	7577148
17	7577149
17	7577150
17	7577151
17	7577152
17	7577153
17	7577154
17	7577155
17	7577156
17	7577157
17	7577158
17	7577161
17	7577164
17	7577496
17	7577497
17	7577498
17	7577499
17	7577500
17	7577501
17	7577502
17	7577503
17	7577504
17	7577505
17	7577506
17	7577507
17	7577508
17	7577509
17	7577510
17	7577511
17	7577512
17	7577513
17	7577514
17	7577515
17	7577516
17	7577517
17	7577518
17	7577519
17	7577520
17	7577521
17	7577522
17	7577523
17	7577524
17	7577525
17	7577526
17	7577527
17	7577528
17	7577529
17	7577530
17	7577531
17	7577532
17	7577533
17	7577534
17	7577535
17	7577536
17	7577537
17	7577538
17	7577539
17	7577540
17	7577541
17	7577542
17	7577543
17	7577544
17	7577545
17	7577546
17	7577547
17	7577548
17	7577549
17	7577550
17	7577551
17	7577552
17	7577553
17	7577554
17	7577555
17	7577556
17	7577557
17	7577558
17	7577559
17	7577560
17	7577561
17	7577562
17	7577563
17	7577564
17	7577565
17	7577566
17	7577567
17	7577568
17	7577569
17	7577570
17	7577571
17	7577572
17	7577573
17	7577574
17	7577575
17	7577576
17	7577577
17	7577578
17	7577579
17	7577580
17	7577581
17	7577582
17	7577583
17	7577584
17	7577585
17	7577586
17	7577587
17	7577588
17	7577589
17	7577590
17	7577591
17	7577592
17	7577593
17	7577594
17	7577595
17	7577596
17	7577597
17	7577598
17	7577599
17	7577600
17	7577601
17	7577602
17	7577603
17	7577604
17	7577605
17	7577606
17	7577607
17	7577608
17	7577609
17	7577610
17	7577613
17	7577616
17	7577617
17	7577619
17	7577625
17	7577626
17	7577640
17	7577644
17	7577657
17	7578115
17	7578119
17	7578137
17	7578140
17	7578145
17	7578146
17	7578150
17	7578151
17	7578152
17	7578153
17	7578155
17	7578160
17	7578162
17	7578163
17	7578172
17	7578173
17	7578175
17	7578176
17	7578177
17	7578178
17	7578179
17	7578180
17	7578181
17	7578182
17	7578183
17	7578184
17	7578185
17	7578186
17	7578187
17	7578188
17	7578189
17	7578190
17	7578191
17	7578192
17	7578193
17	7578194
17	7578195
17	7578196
17	7578197
17	7578198
17	7578199
17	7578200
17	7578201
17	7578202
17	7578203
17	7578204
17	7578205
17	7578206
17	7578207
17	7578208
17	7578209
17	7578210
17	7578211
17	7578212
17	7578213
17	7578214
17	7578215
17	7578216
17	7578217
17	7578218
17	7578219
17	7578220
17	7578221
17	7578222
17	7578223
17	7578224
17	7578225
17	7578226
17	7578227
17	7578228
17	7578229
17	7578230
17	7578231
17	7578232
17	7578234
17	7578235
17	7578236
17	7578237
17	7578238
17	7578239
17	7578240
17	7578241
17	7578242
17	7578243
17	7578244
17	7578245
17	7578246
17	7578247
17	7578248
17	7578249
17	7578250
17	7578251
17	7578252
17	7578253
17	7578254
17	7578255
17	7578256
17	7578257
17	7578258
17	7578259
17	7578260
17	7578261
17	7578262
17	7578263
17	7578264
17	7578265
17	7578266
17	7578267
17	7578268
17	7578269
17	7578270
17	7578271
17	7578272
17	7578273
17	7578274
17	7578275
17	7578276
17	7578277
17	7578278
17	7578279
17	7578280
17	7578281
17	7578282
17	7578283
17	7578284
17	7578285
17	7578286
17	7578287
17	7578288
17	7578289
17	7578290
17	7578291
17	7578292
17	7578293
17	7578294
17	7578295
17	7578297
17	7578301
17	7578311
17	7578313
17	7578334
17	7578337
17	7578346
17	7578347
17	7578355
17	7578356
17	7578358
17	7578359
17	7578360
17	7578362
17	7578363
17	7578366
17	7578367
17	7578368
17	7578369
17	7578370
17	7578371
17	7578372
17	7578373
17	7578374
17	7578375
17	7578376
17	7578377
17	7578378
17	7578379
17	7578380
17	7578381
17	7578382
17	7578383
17	7578384
17	7578385
17	7578386
17	7578387
17	7578388
17	7578389
17	7578390
17	7578391
17	7578392
17	7578393
17	7578394
17	7578395
17	7578396
17	7578397
17	7578398
17	7578399
17	7578400
17	7578401
17	7578402
17	7578403
17	7578404
17	7578405
17	7578406
17	7578407
17	7578408
17	7578409
17	7578410
17	7578411
17	7578412
17	7578413
17	7578414
17	7578415
17	7578416
17	7578417
17	7578418
17	7578419
17	7578420
17	7578421
17	7578422
17	7578423
17	7578424
17	7578425
17	7578426
17	7578427
17	7578428
17	7578429
17	7578430
17	7578431
17	7578432
17	7578433
17	7578434
17	7578435
17	7578436
17	7578437
17	7578438
17	7578439
17	7578440
17	7578441
17	7578442
17	7578443
17	7578444
17	7578445
17	7578446
17	7578447
17	7578448
17	7578449
17	7578450
17	7578451
17	7578452
17	7578453
17	7578454
17	7578455
17	7578456
17	7578457
17	7578458
17	7578459
17	7578460
17	7578461
17	7578462
17	7578463
17	7578464
17	7578465
17	7578466
17	7578467
17	7578468
17	7578469
17	7578470
17	7578471
17	7578472
17	7578473
17	7578474
17	7578475
17	7578476
17	7578477
17	7578478
17	7578479
17	7578480
17	7578481
17	7578482
17	7578483
17	7578484
17	7578485
17	7578486
17	7578487
17	7578488
17	7578489
17	7578490
17	7578491
17	7578492
17	7578493
17	7578494
17	7578495
17	7578496
17	7578497
17	7578498
17	7578499
17	7578500
17	7578501
17	7578502
17	7578503
17	7578504
17	7578505
17	7578506
17	7578507
17	7578508
17	7578509
17	7578510
17	7578511
17	7578512
17	7578513
17	7578514
17	7578515
17	7578516
17	7578517
17	7578518
17	7578519
17	7578520
17	7578521
17	7578522
17	7578523
17	7578524
17	7578525
17	7578526
17	7578527
17	7578528
17	7578529
17	7578530
17	7578531
17	7578532
17	7578533
17	7578534
17	7578535
17	7578536
17	7578537
17	7578538
17	7578539
17	7578540
17	7578541
17	7578542
17	7578544
17	7578545
17	7578546
17	7578547
17	7578548
17	7578549
17	7578550
17	7578551
17	7578552
17	7578553
17	7578554
17	7578555
17	7578556
17	7578557
17	7578558
17	7578561
17	7578564
17	7578567
17	7578640
17	7578645
17	7579324
17	7579325
17	7579326
17	7579328
17	7579329
17	7579330
17	7579331
17	7579332
17	7579333
17	7579334
17	7579335
17	7579337
17	7579338
17	7579340
17	7579341
17	7579342
17	7579345
17	7579346
17	7579347
17	7579348
17	7579349
17	7579350
17	7579351
17	7579352
17	7579353
17	7579354
17	7579355
17	7579356
17	7579357
17	7579358
17	7579359
17	7579360
17	7579361
17	7579362
17	7579363
17	7579364
17	7579365
17	7579366
17	7579367
17	7579368
17	7579369
17	7579371
17	7579372
17	7579373
17	7579374
17	7579375
17	7579376
17	7579377
17	7579378
17	7579379
17	7579380
17	7579382
17	7579383
17	7579384
17	7579385
17	7579386
17	7579389
17	7579390
17	7579391
17	7579392
17	7579393
17	7579394
17	7579395
17	7579396
17	7579397
17	7579398
17	7579399
17	7579400
17	7579401
17	7579403
17	7579404
17	7579406
17	7579407
17	7579408
17	7579409
17	7579410
17	7579411
17	7579412
17	7579413
17	7579414
17	7579415
17	7579416
17	7579417
17	7579418
17	7579419
17	7579420
17	7579421
17	7579422
17	7579423
17	7579424
17	7579426
17	7579427
17	7579430
17	7579431
17	7579432
17	7579433
17	7579434
17	7579435
17	7579436
17	7579439
17	7579440
17	7579441
17	7579442
17	7579443
17	7579445
17	7579446
17	7579447
17	7579448
17	7579450
17	7579451
17	7579454
17	7579455
17	7579456
17	7579457
17	7579458
17	7579459
17	7579460
17	7579461
17	7579462
17	7579463
17	7579464
17	7579465
17	7579466
17	7579468
17	7579469
17	7579470
17	7579472
17	7579473
17	7579475
17	7579476
17	7579477
17	7579479
17	7579480
17	7579481
17	7579483
17	7579484
17	7579485
17	7579486
17	7579487
17	7579488
17	7579489
17	7579490
17	7579493
17	7579494
17	7579497
17	7579498
17	7579500
17	7579501
17	7579503
17	7579504
17	7579505
17	7579506
17	7579507
17	7579859
17	7579861
17	7579866
17	7579882
17	7579883
17	7579884
17	7579885
17	7579894
17	7579898
17	7579900
17	7580027
17	37880194
17	37880205
17	37880207
17	37880218
17	37880219
17	37880220
17	37880257
17	37880261
17	37880309
17	37880320
17	37880981
17	37880983
17	37880984
17	37880989
17	37880990
17	37880993
17	37880995
17	37880996
17	37880997
17	37880998
17	37881000
17	37881001
17	37881002
17	37881004
17	37881006
17	37881010
17	37881011
17	37881013
17	37881014
17	37881021
17	37881022
17	37881050
17	37881055
17	37881067
17	37881068
17	37881114
17	37881121
17	37881132
17	37881146
17	37881312
17	37881332
17	37881349
17	37881358
17	37881375
17	37881378
17	37881392
17	37881400
17	37881410
17	37881414
17	37881440
18	48575132
18	48575149
18	48575152
18	48575155
18	48575159
18	48575160
18	48575169
18	48575172
18	48575179
18	48575180
18	48575183
18	48575188
18	48575189
18	48575193
18	48575194
18	48575195
18	48575196
18	48575198
18	48575200
18	48575201
18	48575203
18	48575206
18	48575209
18	48575210
18	48575211
18	48575213
18	48575231
18	48581179
18	48581198
18	48581208
18	48581210
18	48581211
18	48581229
18	48581231
18	48581234
18	48581243
18	48581261
18	48581280
18	48581281
18	48581286
18	48581300
18	48581302
18	48581304
18	48581307
18	48581329
18	48581339
18	48584542
18	48584552
18	48584556
18	48584560
18	48584564
18	48584567
18	48584568
18	48584569
18	48584583
18	48584593
18	48584602
18	48584605
18	48584612
18	48584709
18	48584710
18	48586235
18	48586237
18	48586238
18	48586255
18	48586259
18	48586261
18	48586262
18	48586263
18	48586272
18	48586273
18	48586274
18	48586281
18	48586282
18	48586291
18	48586344
18	48591803
18	48591804
18	48591807
18	48591808
18	48591809
18	48591810
18	48591813
18	48591814
18	48591817
18	48591821
18	48591825
18	48591826
18	48591827
18	48591828
18	48591829
18	48591830
18	48591831
18	48591832
18	48591833
18	48591837
18	48591838
18	48591839
18	48591846
18	48591847
18	48591848
18	48591850
18	48591851
18	48591853
18	48591855
18	48591857
18	48591864
18	48591865
18	48591866
18	48591871
18	48591878
18	48591885
18	48591886
18	48591888
18	48591889
18	48591890
18	48591891
18	48591892
18	48591894
18	48591895
18	48591900
18	48591901
18	48591902
18	48591903
18	48591904
18	48591905
18	48591906
18	48591909
18	48591911
18	48591918
18	48591919
18	48591921
18	48591922
18	48591923
18	48591924
18	48591925
18	48591928
18	48591930
18	48591931
18	48591933
18	48591936
18	48591942
18	48591943
18	48591949
18	48591959
18	48591965
18	48591970
18	48591972
18	48591976
18	48591977
18	48593396
18	48593397
18	48593405
18	48593406
18	48593407
18	48593411
18	48593417
18	48593442
18	48593443
18	48593450
18	48593465
18	48593466
18	48593471
18	48593472
18	48593473
18	48593474
18	48593477
18	48593478
18	48593483
18	48593485
18	48593490
18	48593492
18	48593496
18	48593497
18	48593498
18	48593504
18	48593505
18	48593507
18	48593508
18	48593509
18	48593515
18	48593532
18	48593533
18	48593536
18	48593541
18	48593543
18	48593546
18	48593547
18	48603009
18	48603018
18	48603020
18	48603021
18	48603022
18	48603032
18	48603034
18	48603039
18	48603041
18	48603047
18	48603049
18	48603053
18	48603059
18	48603068
18	48603069
18	48603077
18	48603093
18	48603108
18	48603109
18	48603119
18	48603145
18	48603147
18	48603151
18	48604646
18	48604650
18	48604651
18	48604652
18	48604653
18	48604654
18	48604655
18	48604656
18	48604657
18	48604658
18	48604659
18	48604660
18	48604662
18	48604664
18	48604665
18	48604668
18	48604673
18	48604674
18	48604676
18	48604677
18	48604678
18	48604682
18	48604683
18	48604686
18	48604688
18	48604689
18	48604690
18	48604692
18	48604694
18	48604695
18	48604697
18	48604698
18	48604699
18	48604703
18	48604704
18	48604705
18	48604706
18	48604707
18	48604717
18	48604718
18	48604721
18	48604722
18	48604723
18	48604724
18	48604725
18	48604735
18	48604736
18	48604741
18	48604747
18	48604749
18	48604750
18	48604751
18	48604754
18	48604755
18	48604757
18	48604760
18	48604765
18	48604769
18	48604770
18	48604772
18	48604773
18	48604775
18	48604776
18	48604777
18	48604778
18	48604779
18	48604784
18	48604785
18	48604787
18	48604788
18	48604789
18	48604790
18	48604791
18	48604792
18	48604794
18	48604797
18	48604799
19	1207008
19	1207009
19	1207020
19	1207021
19	1207022
19	1207027
19	1207031
19	1207037
19	1207039
19	1207040
19	1207042
19	1207054
19	1207057
19	1207059
19	1207064
19	1207068
19	1207076
19	1207077
19	1207078
19	1207079
19	1207080
19	1207081
19	1207082
19	1207083
19	1207090
19	1207091
19	1207092
19	1207096
19	1207105
19	1207106
19	1207108
19	1207112
19	1207117
19	1207118
19	1207120
19	1207136
19	1207139
19	1207144
19	1207145
19	1207162
19	1207168
19	1220469
19	1220478
19	1220485
19	1220487
19	1220488
19	1220490
19	1220491
19	1220494
19	1220502
19	1220505
19	1220527
19	1220566
19	1220578
19	1220579
19	1220591
19	1220595
19	1220604
19	1220610
19	1220612
19	1220626
19	1220628
19	1220629
19	1220631
19	1220632
19	1220636
19	1221236
19	1221241
19	1221261
19	1221263
19	1221270
19	1221278
19	1221286
19	1221291
19	1221293
19	1221303
19	1221306
19	1221311
19	1221313
19	1221318
19	1221319
19	1221336
19	1221340
19	1221363
19	1223042
19	1223047
19	1223059
19	1223070
19	1223102
19	1223111
19	1223112
19	1223113
19	1223125
19	1223163
19	3114861
19	3114864
19	3114900
19	3114955
19	3114956
19	3114973
19	3115010
19	3115012
19	3115013
19	3115124
19	3118886
19	3118933
19	3118941
19	3118942
19	3118943
19	3118949
19	3118983
19	3118984
19	3119234
19	3119239
19	3119325
19	3119326
19	3119342
19	3119365
19	3119381
19	3121014
19	3121039
19	3121094
19	3121127
19	3121247
19	3121289
19	3121299
19	17945696
19	17945697
19	17945701
19	17945703
19	17945716
19	17945717
19	17945718
19	17945731
19	17945734
19	17945770
19	17945782
19	17945797
19	17945801
19	17947985
19	17947997
19	17947998
19	17948006
19	17948009
19	17948010
20	36031762
20	36031843
20	57484406
20	57484414
20	57484420
20	57484421
20	57484422
20	57484427
20	57484436
22	17053032
22	17053077
22	17055417
22	17055427
22	17055458
22	17055556
22	17055569
22	24133956
22	24133959
22	24133963
22	24133966
22	24133967
22	24133981
22	24133987
22	24133990
22	24133991
22	24133992
22	24133993
22	24133994
22	24133995
22	24134002
22	24134006
22	24134007
22	24134022
22	24134026
22	24134037
22	24134046
22	24134051
22	24143214
22	24143222
22	24143232
22	24143240
22	24143241
22	24143259
22	24143286
22	24143292
22	24143298
22	24143333
22	24145556
22	24145565
22	24145566
22	24145567
22	24145582
22	24145583
22	24145584
22	24145587
22	24145588
22	24145597
22	24145598
22	24145599
22	24145622
22	24145675
22	24145725
22	24176329
22	24176330
22	24176333
22	24176334
22	24176335
22	24176338
22	24176339
22	24176340
22	24176351
22	24176352
22	24176353
22	24176355
22	24176356
22	24176367
22	24176393
22	24176480
22	24176483
